{
    "func": "x", 
    "expr": "0.997938*x", 
    "epochs": 10001, 
    "lr_rate": 0.01, 
    "reg_weight": 0.005, 
    "loss_list": [
        8.211073875427246, 0.49757763743400574, 0.5382462739944458, 
        0.2896363437175751, 0.2894454598426819, 0.2894059717655182, 
        0.2893986999988556, 0.28939735889434814, 0.28939709067344666, 
        0.28939706087112427, 0.28939706087112427, 0.2893036901950836, 
        0.2854965329170227, 0.2854786813259125, 0.28547608852386475, 
        0.2854757308959961, 0.2854756712913513, 0.2854756712913513, 
        0.28547564148902893, 0.2854756712913513, 0.28547564148902893, 
        0.28547564148902893], 
    "error_test_list": [
        295.5355224609375, 0.3635181486606598, 0.16154664754867554, 
        0.0010318690910935402, 0.00107761868275702, 0.0010968407150357962, 
        0.001102565904147923, 0.0011040263343602419, 0.0011043725535273552, 
        0.001104452763684094, 0.0011044708080589771, 0.0006831332575529814, 
        1.9664828869281337e-05, 2.0907300495309755e-05, 2.1396381271188147e-05,
        2.1589730749838054e-05, 2.1666619431925938e-05, 2.1694870156352408e-05, 
        2.1706999177695252e-05, 2.171209234802518e-05, 2.1712714442401193e-05, 
        2.1714358808822e-05], 
    "n_layers": 2
}