{"func": "log(x)", "expr": "0.0391549 + 4.90617/(1 + 4.02643*exp(-2.63792*sin(0.559222*x)))", "epochs": 10001, "lr_rate": 0.01, "reg_weight": 0.005, "loss_list": [5.422198295593262, 0.5027856230735779, 0.5011066198348999, 0.30644962191581726, 0.3060923218727112, 0.30596277117729187, 0.3059043884277344, 0.30587634444236755, 0.305862158536911, 0.3058546483516693, 0.30585047602653503, 0.3059353828430176, 0.30202236771583557, 0.3020070195198059, 0.30199629068374634, 0.301986962556839, 0.3019762337207794, 0.30194371938705444, 0.3018423616886139, 0.30182772874832153, 0.3018205463886261, 0.3018169105052948], "error_test_list": [298.3433837890625, 2.301445722579956, 2.1475021839141846, 1.3005982637405396, 1.2095694541931152, 1.1798678636550903, 1.1665029525756836, 1.1584190130233765, 1.1524827480316162, 1.1477992534637451, 1.1440619230270386, 1.1340181827545166, 1.074147343635559, 1.0588891506195068, 1.049385666847229, 1.042944073677063, 1.038481593132019, 1.038049578666687, 1.0360827445983887, 1.0252702236175537, 1.0182026624679565, 1.0133774280548096], "n_layers": 2}