{"func": "log(x)", "expr": "1.60322*sin(0.803913*x) + 0.386702*sin(2.54218*sin(0.803913*x) - 1.78636) + 1.30802", "epochs": 10001, "lr_rate": 0.01, "reg_weight": 0.005, "loss_list": [1.8110148906707764, 0.5059302449226379, 0.5884507894515991, 0.321697473526001, 0.31843820214271545, 0.31695398688316345, 0.31693825125694275, 0.3169344961643219, 0.3169335424900055, 0.31693336367607117, 0.3169333040714264, 0.3168790936470032, 0.3113926649093628, 0.31130945682525635, 0.3112718462944031, 0.31125468015670776, 0.3112468421459198, 0.3112432658672333, 0.31124162673950195, 0.3112408220767975, 0.31124046444892883, 0.3112403154373169], "error_test_list": [1032.485107421875, 2.2108187675476074, 2.6373562812805176, 1.3879493474960327, 1.3988641500473022, 1.2972193956375122, 1.2870427370071411, 1.2832527160644531, 1.2813488245010376, 1.2803152799606323, 1.2797472476959229, 1.2930456399917603, 1.2243272066116333, 1.210412621498108, 1.2076280117034912, 1.206898808479309, 1.2065627574920654, 1.2063332796096802, 1.2061668634414673, 1.2060574293136597, 1.2060027122497559, 1.2059757709503174], "n_layers": 2}