{"func": "x", "expr": "-1.49579 + 3.01774/(1 + exp(-2.21494*sin(0.679683*x)))", "epochs": 10001, "lr_rate": 0.01, "reg_weight": 0.005, "loss_list": [8.972698211669922, 0.5059170722961426, 0.4953303039073944, 0.30117979645729065, 0.3009694516658783, 0.30092814564704895, 0.3009168803691864, 0.3009133040904999, 0.30091217160224915, 0.3009117543697357, 0.3009115755558014, 0.30087602138519287, 0.2972991466522217, 0.29729339480400085, 0.29729095101356506, 0.2972899079322815, 0.2972894310951233, 0.2972892224788666, 0.297289103269577, 0.29728904366493225, 0.29728901386260986, 0.29728901386260986], "error_test_list": [919.487060546875, 0.35482078790664673, 0.38754820823669434, 0.15642283856868744, 0.14150497317314148, 0.13507923483848572, 0.13185834884643555, 0.1301087588071823, 0.129115492105484, 0.1285368651151657, 0.12819655239582062, 0.1281144917011261, 0.12398355454206467, 0.12190954387187958, 0.1206069216132164, 0.11975687742233276, 0.11919321864843369, 0.11881521344184875, 0.11855952441692352, 0.11838571727275848, 0.1182674691081047, 0.11818648129701614], "n_layers": 2}