{"func": "x+y+2z", "expr": "1.00102*x + 0.996031*y + 2.00215*z", "epochs": 10001, "lr_rate": 0.01, "reg_weight": 0.005, "loss_list": [3.955827236175537, 0.5137580633163452, 0.5225370526313782, 0.32568851113319397, 0.32514381408691406, 0.32499584555625916, 0.32495468854904175, 0.3249422311782837, 0.3249379098415375, 0.32493603229522705, 0.32493501901626587, 0.32496482133865356, 0.3195537328720093, 0.3194046914577484, 0.3193134069442749, 0.3192492425441742, 0.31920942664146423, 0.3191835582256317, 0.3191661238670349, 0.31915390491485596, 0.3191450536251068, 0.3191385865211487], "error_test_list": [13698.2900390625, 0.11746370047330856, 0.05982015281915665, 0.002991876332089305, 0.003272988134995103, 0.003507946152240038, 0.003649883670732379, 0.0037267981097102165, 0.0037660503294318914, 0.003785037202760577, 0.003793545998632908, 0.002494598040357232, 2.2651593098999e-05, 2.539231900300365e-05, 5.3894593293080106e-05, 4.947417983203195e-05, 6.225471588550135e-05, 6.500815652543679e-05, 6.706078420393169e-05, 6.867357296869159e-05, 6.994595605647191e-05, 7.096306217135862e-05], "n_layers": 2}