{"func": "x+y+2z", "expr": "1.00102*x + 0.996029*y + 2.00215*z", "epochs": 10001, "lr_rate": 0.01, "reg_weight": 0.005, "loss_list": [5.390666961669922, 1.3350403308868408, 0.5406087636947632, 0.3255559802055359, 0.32508403062820435, 0.32495570182800293, 0.32491976022720337, 0.3249087333679199, 0.32490482926368713, 0.3249031603336334, 0.3249022960662842, 0.3249894082546234, 0.3195512592792511, 0.3194024860858917, 0.319307416677475, 0.31924545764923096, 0.3192065358161926, 0.3191814422607422, 0.3191644847393036, 0.3191526234149933, 0.3191440999507904, 0.3191377818584442], "error_test_list": [173.94894409179688, 0.3759303390979767, 0.028544630855321884, 0.003003861289471388, 0.003290864173322916, 0.0035157999955117702, 0.003649606369435787, 0.0037217738572508097, 0.003758614417165518, 0.0037765861488878727, 0.0037847403436899185, 0.0024947214405983686, 2.2684076611767523e-05, 2.539826527936384e-05, 5.307589526637457e-05, 5.7366196415387094e-05, 6.227802077773958e-05, 6.512416439363733e-05, 6.71553862048313e-05, 6.875168764963746e-05, 7.001160702202469e-05, 7.101902883732691e-05], "n_layers": 2}