{"func": "x+y", "expr": "0.995201*x + 0.995424*y", "epochs": 10001, "lr_rate": 0.01, "reg_weight": 0.005, "loss_list": [28.93368911743164, 0.5129076242446899, 0.6765549182891846, 0.3070737421512604, 0.3070004880428314, 0.306996613740921, 0.30699628591537476, 0.30699628591537476, 0.30699625611305237, 0.30699625611305237, 0.30699625611305237, 0.30696746706962585, 0.30249232053756714, 0.3024314343929291, 0.302410364151001, 0.30240175127983093, 0.3023979663848877, 0.3023962676525116, 0.3023955225944519, 0.30239516496658325, 0.3023949861526489, 0.30239492654800415], "error_test_list": [156.61248779296875, 0.45394909381866455, 0.12017083913087845, 0.0013587119756266475, 0.0014976640231907368, 0.0015311274910345674, 0.001538230455480516, 0.0015396794769912958, 0.0015399397816509008, 0.001540005556307733, 0.0015400047414004803, 0.0009538467274978757, 6.778960960218683e-05, 6.997169111855328e-05, 7.116846973076463e-05, 7.188423478510231e-05, 7.233582437038422e-05, 7.262705912580714e-05, 7.281814032467082e-05, 7.294993702089414e-05, 7.303435995709151e-05, 7.309219654416665e-05], "n_layers": 2}