{"func": "x**2", "expr": "3.32893*sin(0.307214*x + 0.306826*y)", "epochs": 10001, "lr_rate": 0.01, "reg_weight": 0.005, "loss_list": [8.95643424987793, 0.5658450126647949, 0.5776433944702148, 0.30818286538124084, 0.30789291858673096, 0.3077365756034851, 0.30766311287879944, 0.3076327443122864, 0.3076213300228119, 0.30761727690696716, 0.30761590600013733, 0.30755457282066345, 0.3028320074081421, 0.30275487899780273, 0.3027151823043823, 0.3026941120624542, 0.3026830852031708, 0.30267733335494995, 0.3026743531227112, 0.3026728332042694, 0.3026720881462097, 0.3026716411113739], "error_test_list": [1736.46826171875, 0.5791671276092529, 0.565377950668335, 0.03080599755048752, 0.03402986004948616, 0.03985034301877022, 0.04451456665992737, 0.04770180583000183, 0.0497082844376564, 0.05091335251927376, 0.051618050783872604, 0.051724180579185486, 0.027098646387457848, 0.024815917015075684, 0.024918315932154655, 0.02530311979353428, 0.025600451976060867, 0.025785846635699272, 0.025893542915582657, 0.02595500275492668, 0.025990307331085205, 0.02601085603237152], "n_layers": 2}