{"func": "x*y", "expr": "-0.274705*(x - 0.927849*y)**2 + 0.26461876350769*exp(-1.25121*(x - 0.927849*y)**2)", "epochs": 10001, "lr_rate": 0.01, "reg_weight": 0.005, "loss_list": [4.671386241912842, 0.8445253372192383, 0.46306923031806946, 0.29240357875823975, 0.29195576906204224, 0.2919195592403412, 0.2919168472290039, 0.2919166684150696, 0.2919166684150696, 0.29191669821739197, 0.29191669821739197, 0.2919107973575592, 0.28855443000793457, 0.28855371475219727, 0.2885536849498749, 0.2885536849498749, 0.2885536551475525, 0.2885536849498749, 0.28855371475219727, 0.2885536849498749, 0.2885536849498749, 0.2885536551475525], "error_test_list": [552.9802856445312, 1.5011712312698364, 1.2294491529464722, 0.7630939483642578, 0.7593130469322205, 0.7584542632102966, 0.7582579255104065, 0.7582045197486877, 0.7581890225410461, 0.7581844925880432, 0.7581832408905029, 0.7643011212348938, 0.7966585755348206, 0.796710193157196, 0.7967260479927063, 0.7967312335968018, 0.7967329621315002, 0.796733558177948, 0.7967337965965271, 0.7967337965965271, 0.7967337965965271, 0.7967336773872375], "n_layers": 2}