{"func": "x*y", "expr": "0.34948*(-x - 0.954117*y)**2 - 0.186232", "epochs": 10001, "lr_rate": 0.01, "reg_weight": 0.005, "loss_list": [2.4568285942077637, 0.44531679153442383, 0.46516889333724976, 0.28383609652519226, 0.28362786769866943, 0.2835560739040375, 0.28353506326675415, 0.2835294008255005, 0.28352802991867065, 0.2835277020931244, 0.2835276126861572, 0.28361523151397705, 0.27997124195098877, 0.27993419766426086, 0.27991801500320435, 0.2799089550971985, 0.2799023687839508, 0.27989575266838074, 0.2798822224140167, 0.2797189950942993, 0.27967575192451477, 0.2796695828437805], "error_test_list": [1016.2891235351562, 0.8025504946708679, 1.1637767553329468, 0.7379885911941528, 0.7382569313049316, 0.7382160425186157, 0.7381536960601807, 0.7381196022033691, 0.738105297088623, 0.7381002306938171, 0.7380984425544739, 0.7481910586357117, 0.7882617115974426, 0.7880229949951172, 0.7878599762916565, 0.7877323031425476, 0.787618100643158, 0.7874982357025146, 0.7873328924179077, 0.7878856062889099, 0.7875044345855713, 0.7873644828796387], "n_layers": 2}