{"func": "exp^(x+y)", "expr": "0.149107 + 10.7133/(12.1378*exp(-1.39005*x - 1.38446*y) + 1)", "epochs": 10001, "lr_rate": 0.01, "reg_weight": 0.005, "loss_list": [2.2000436782836914, 0.5067207217216492, 0.5918295383453369, 0.28788334131240845, 0.2863120436668396, 0.2850988805294037, 0.2834353744983673, 0.28324824571609497, 0.283092737197876, 0.28288450837135315, 0.2789163291454315, 0.27881768345832825, 0.2742293179035187, 0.27392610907554626, 0.27374768257141113, 0.2736366391181946, 0.2735644280910492, 0.2735159397125244, 0.27348244190216064, 0.273458868265152, 0.27344194054603577, 0.2734296917915344], "error_test_list": [1078.3255615234375, 25.43890380859375, 39.606712341308594, 30.076610565185547, 28.8719539642334, 28.29051971435547, 27.461503982543945, 26.8077392578125, 26.49734878540039, 26.36882781982422, 27.09711456298828, 27.13254165649414, 26.34054183959961, 25.559555053710938, 24.981948852539062, 24.543346405029297, 24.20254898071289, 23.93276596069336, 23.715984344482422, 23.539688110351562, 23.39492416381836, 23.27509117126465], "n_layers": 2}