{"func": "exp^(x+y)", "expr": "1.27593*x + 1.27552*y + 0.364488363265991*(-1.24359*x - 1.24319*y)*(-1.24168*x - 1.24129*y) + 0.979578", "epochs": 10001, "lr_rate": 0.01, "reg_weight": 0.005, "loss_list": [7.057922840118408, 0.4376513361930847, 1.36080002784729, 0.30735650658607483, 0.2934754192829132, 0.2905661463737488, 0.2905014157295227, 0.29047468304634094, 0.2904634475708008, 0.290458619594574, 0.29045653343200684, 0.2906957268714905, 0.28507575392723083, 0.2850358784198761, 0.28501224517822266, 0.2849973142147064, 0.2849877178668976, 0.2849814295768738, 0.28497734665870667, 0.2849746644496918, 0.2849729061126709, 0.2849717140197754], "error_test_list": [372.5203857421875, 28.97345733642578, 15.452881813049316, 20.15761375427246, 20.314044952392578, 20.302330017089844, 20.29256820678711, 20.287450790405273, 20.284412384033203, 20.28248405456543, 20.28121566772461, 20.21715545654297, 19.927091598510742, 19.928848266601562, 19.92987632751465, 19.930500030517578, 19.930879592895508, 19.931123733520508, 19.93128776550293, 19.93138885498047, 19.93146514892578, 19.931516647338867], "n_layers": 2}